provider,accent,clips,wer,wer_spoken_punct_removed,wer_spoken_punct_share,drug_mentions,drug_accuracy,drug_hyp_mentions,drug_false_positives,drug_precision,drug_f1,drug_substitutions,doses,dose_value_accuracy,dose_value_errors,dose_unit_errors,negation_cues,negation_preservation
aai,afemai,1,0.08,0.08695652173913043,-0.08695652173913038,0,,0,0,,,0,1,1.0,0,0,0,
aai,afo,3,0.05555555555555555,0.05555555555555555,0.0,1,1.0,1,0,1.0,1.0,0,0,,0,0,1,1.0
aai,afrikaans,2,0.2,0.2,0.0,0,,0,0,,,0,0,,0,0,2,1.0
aai,agatu,2,0.125,0.125,0.0,1,1.0,1,0,1.0,1.0,0,1,1.0,0,0,1,1.0
aai,akan,3,0.07130434782608695,0.07130434782608695,0.0,2,1.0,2,0,1.0,1.0,0,0,,0,0,2,1.0
aai,alago,1,0.09090909090909091,0.09090909090909091,0.0,0,,0,0,,,0,0,,0,0,1,1.0
aai,anaang,3,0.05128205128205129,0.05128205128205129,0.0,2,1.0,2,0,1.0,1.0,0,1,1.0,0,0,3,1.0
aai,angas,3,0.08641975308641975,0.10144927536231885,-0.173913043478261,0,,0,0,,,0,1,1.0,0,0,4,1.0
aai,bagi,2,0.02,0.02,0.0,1,1.0,1,0,1.0,1.0,0,2,1.0,0,0,0,
aai,bajju,3,0.0,0.0,,0,,0,0,,,0,2,1.0,0,0,1,1.0
aai,bassa,2,0.03125,0.03125,0.0,4,1.0,4,0,1.0,1.0,0,3,1.0,0,0,0,
aai,bekwarra,3,0.11276223776223776,0.11276223776223776,0.0,1,1.0,3,2,0.3333333333333333,0.5,0,0,,0,0,1,1.0
aai,benin,1,0.5,0.5,0.0,0,,0,0,,,0,0,,0,0,0,
aai,berom,3,0.022988505747126436,0.022988505747126436,0.0,1,1.0,1,0,1.0,1.0,0,2,1.0,0,0,1,1.0
aai,bini,3,0.07539682539682539,0.07539682539682539,0.0,1,1.0,1,0,1.0,1.0,0,2,1.0,0,0,0,
aai,brass,3,0.11188811188811189,0.11188811188811189,0.0,1,1.0,1,0,1.0,1.0,0,1,1.0,0,0,1,1.0
aai,delta,3,0.10375000000000001,0.10375000000000001,0.0,0,,0,0,,,0,1,1.0,0,0,2,1.0
aai,ebiobo,3,0.044808201058201054,0.044808201058201054,0.0,0,,0,0,,,0,0,,0,0,1,1.0
aai,ebira,9,0.11878360671464121,0.11878360671464121,0.0,3,1.0,3,0,1.0,1.0,0,7,1.0,0,0,2,1.0
aai,edo,1,0.03333333333333333,0.03333333333333333,0.0,0,,0,0,,,0,0,,0,0,2,1.0
aai,efik,2,0.2403846153846154,0.2403846153846154,0.0,4,0.5,3,1,0.6666666666666666,0.5714285714285715,2,4,1.0,0,0,0,
aai,eggon,3,0.12380952380952381,0.12380952380952381,0.0,0,,0,0,,,0,1,1.0,0,0,1,1.0
aai,ekene,3,0.08476190476190476,0.08476190476190476,0.0,4,1.0,4,0,1.0,1.0,0,2,1.0,0,0,0,
aai,eket,2,0.125,0.125,0.0,4,1.0,4,0,1.0,1.0,0,1,1.0,0,0,0,
aai,ekpeye,3,0.1111111111111111,0.1111111111111111,0.0,1,1.0,1,0,1.0,1.0,0,3,1.0,0,0,2,1.0
aai,eleme,2,0.12272727272727274,0.12272727272727274,0.0,2,1.0,2,0,1.0,1.0,0,2,1.0,0,0,0,
aai,english,3,0.1142078533382881,0.11558811558811559,-0.012085528354508992,0,,0,0,,,0,0,,0,0,3,1.0
aai,epie,3,0.20917678812415655,0.20917678812415655,0.0,3,1.0,3,0,1.0,1.0,0,2,1.0,0,0,1,1.0
aai,esan,6,0.008333333333333333,0.008333333333333333,0.0,0,,0,0,,,0,0,,0,0,0,
aai,estako,2,0.16666666666666666,0.16666666666666666,0.0,3,1.0,3,0,1.0,1.0,0,3,1.0,0,0,0,
aai,etche,3,0.23888888888888893,0.23888888888888893,0.0,1,0.0,0,0,,,0,3,0.6666666666666666,1,1,1,1.0
aai,etsako,2,0.013888888888888888,0.013888888888888888,0.0,7,1.0,7,0,1.0,1.0,0,2,1.0,0,0,0,
aai,fulani,3,0.09285714285714286,0.09285714285714286,0.0,0,,0,0,,,0,1,1.0,0,0,2,1.0
aai,gbagyi,3,0.14296296296296296,0.14412238325281804,-0.008109934669970759,0,,0,0,,,0,3,1.0,0,0,0,
aai,hausa,28,0.11742362626953422,0.11803159892719631,-0.005177600768916378,16,0.6875,12,1,0.9166666666666666,0.7857142857142857,1,17,0.5882352941176471,1,1,14,1.0
aai,ibani,3,0.04985754985754986,0.04985754985754986,0.0,0,,0,0,,,0,1,1.0,0,0,2,1.0
aai,ibibio,9,0.10683760683760685,0.10683760683760685,0.0,6,1.0,6,0,1.0,1.0,0,2,1.0,0,0,6,1.0
aai,idah,2,0.3875598086124402,0.3875598086124402,0.0,2,1.0,3,1,0.6666666666666666,0.8,0,4,0.75,0,0,0,
aai,idoma,9,0.13406987954824331,0.13406987954824331,0.0,10,1.0,10,0,1.0,1.0,0,7,1.0,0,0,1,1.0
aai,igala,8,0.12214590964590964,0.12214590964590964,0.0,2,1.0,2,0,1.0,1.0,0,0,,0,0,1,1.0
aai,igarra,3,0.16174242424242424,0.16174242424242424,0.0,1,1.0,1,0,1.0,1.0,0,2,1.0,0,0,1,1.0
aai,igbo,28,0.07427078640313935,0.07427078640313935,0.0,11,0.9090909090909091,11,1,0.9090909090909091,0.9090909090909091,0,16,0.9375,1,0,15,1.0
aai,ijaw,27,0.12816944927041837,0.12816944927041837,0.0,3,1.0,3,0,1.0,1.0,0,5,1.0,0,0,10,1.0
aai,ika,3,0.13333333333333333,0.13333333333333333,0.0,0,,0,0,,,0,2,1.0,0,0,1,1.0
aai,ikulu,2,0.0,0.0,,2,1.0,2,0,1.0,1.0,0,1,1.0,0,0,1,1.0
aai,ishan,2,0.1875,0.1875,0.0,0,,0,0,,,0,2,1.0,0,0,0,
aai,isixhosa,2,0.02,0.02,0.0,2,1.0,2,0,1.0,1.0,0,0,,0,0,1,1.0
aai,isizulu,9,0.08755221386800333,0.08755221386800333,0.0,8,0.875,8,1,0.875,0.875,0,0,,0,0,3,1.0
aai,isoko,2,0.05555555555555555,0.05555555555555555,0.0,1,1.0,1,0,1.0,1.0,0,1,1.0,0,0,0,
aai,itsekiri,2,0.05,0.05,0.0,1,1.0,1,0,1.0,1.0,0,2,1.0,0,0,0,
aai,izon,2,0.0,0.0,,0,,0,0,,,0,1,1.0,0,0,1,1.0
aai,jaba,2,0.3680555555555556,0.3680555555555556,0.0,2,1.0,2,0,1.0,1.0,0,0,,0,0,0,
aai,jukun,2,0.0,0.0,,0,,0,0,,,0,0,,0,0,0,
aai,kalabari,2,0.025,0.025,0.0,2,1.0,1,0,1.0,1.0,0,0,,0,0,2,1.0
aai,kanuri,2,0.12962962962962962,0.12962962962962962,0.0,2,1.0,2,0,1.0,1.0,0,2,1.0,0,0,0,
aai,khana,2,0.45112781954887216,0.45112781954887216,0.0,1,1.0,0,0,,,0,1,1.0,0,0,0,
aai,kikuyu,2,0.13157894736842105,0.13157894736842105,0.0,0,,0,0,,,0,0,,0,0,2,1.0
aai,kinyarwanda,8,0.06400409626216078,0.06400409626216078,0.0,3,1.0,3,0,1.0,1.0,0,0,,0,0,5,1.0
aai,kiswahili,6,0.029629629629629627,0.029629629629629627,0.0,1,1.0,1,0,1.0,1.0,0,1,1.0,0,0,1,1.0
aai,kubi,2,0.04292527821939587,0.04292527821939587,0.0,2,1.0,2,0,1.0,1.0,0,0,,0,0,1,1.0
aai,luganda,7,0.1788548752834467,0.1788548752834467,0.0,0,,0,0,,,0,0,,0,0,4,1.0
aai,luhya,7,0.07631802721088435,0.07631802721088435,0.0,3,1.0,3,0,1.0,1.0,0,1,1.0,0,0,4,1.0
aai,luo,2,0.0,0.0,,2,1.0,2,0,1.0,1.0,0,0,,0,0,1,1.0
aai,mada,2,0.20588235294117646,0.20588235294117646,0.0,3,1.0,3,0,1.0,1.0,0,2,1.0,0,0,0,
aai,mwaghavul,2,0.10531135531135531,0.10531135531135531,0.0,3,1.0,1,0,1.0,1.0,0,2,1.0,0,0,0,
aai,nembe,4,0.1880952380952381,0.1880952380952381,0.0,0,,0,0,,,0,0,,0,0,0,
aai,ngas,2,0.0,0.0,,0,,0,0,,,0,0,,0,0,0,
aai,nyandang,1,0.13333333333333333,0.13333333333333333,0.0,0,,0,0,,,0,1,1.0,0,0,0,
aai,obolo,1,0.09090909090909091,0.09090909090909091,0.0,0,,0,0,,,0,0,,0,0,0,
aai,ogbia,1,0.3,0.3,0.0,0,,0,0,,,0,0,,0,0,1,1.0
aai,ogoni,1,0.0,0.0,,1,1.0,1,0,1.0,1.0,0,0,,0,0,0,
aai,oklo,1,0.06896551724137931,0.06896551724137931,0.0,0,,0,0,,,0,1,1.0,0,0,0,
aai,pidgin,7,0.0869686293027254,0.0869686293027254,0.0,1,0.0,0,0,,,0,1,1.0,0,0,3,1.0
aai,sepedi,1,0.0,0.0,,1,1.0,1,0,1.0,1.0,0,0,,0,0,0,
aai,sesotho,1,0.05263157894736842,0.05263157894736842,0.0,1,1.0,1,0,1.0,1.0,0,0,,0,0,0,
aai,setswana,7,0.11998132586367881,0.11998132586367881,0.0,5,1.0,5,0,1.0,1.0,0,0,,0,0,2,0.5
aai,sotho,1,0.0,0.0,,0,,0,0,,,0,0,,0,0,1,1.0
aai,swahili,26,0.0375591799504843,0.0375591799504843,0.0,13,1.0,13,0,1.0,1.0,0,5,1.0,0,0,19,0.9473684210526315
aai,tshivenda,1,0.0,0.0,,0,,0,0,,,0,0,,0,0,1,1.0
aai,tswana,7,0.04166666666666667,0.04166666666666667,0.0,0,,0,0,,,0,1,1.0,0,0,0,
aai,twi,7,0.11840736294517806,0.11840736294517806,0.0,2,1.0,2,0,1.0,1.0,0,0,,0,0,4,1.0
aai,ukwuani,1,0.2,0.2,0.0,0,,0,0,,,0,1,1.0,0,0,0,
aai,urhobo,7,0.04047619047619048,0.042857142857142864,-0.05882352941176484,1,1.0,1,0,1.0,1.0,0,1,1.0,0,0,4,1.0
aai,xhosa,7,0.06369047619047619,0.06369047619047619,0.0,2,1.0,2,0,1.0,1.0,0,0,,0,0,3,1.0
aai,yoruba,26,0.12427584927584927,0.12434552597596074,-0.0005606616290894567,9,1.0,9,0,1.0,1.0,0,12,0.9166666666666666,0,0,19,0.9473684210526315
aai,zulu,7,0.1255478850579133,0.1255478850579133,0.0,3,0.6666666666666666,2,0,1.0,0.8,0,1,1.0,0,0,3,1.0
dg-general,afemai,1,0.36,0.13043478260869565,0.6376811594202898,0,,0,0,,,0,1,1.0,0,0,0,
dg-general,afo,3,0.6180555555555555,0.5625,0.08988764044943807,1,1.0,1,0,1.0,1.0,0,0,,0,0,1,1.0
dg-general,afrikaans,2,0.3666666666666667,0.2625,0.2840909090909091,0,,0,0,,,0,0,,0,0,2,1.0
dg-general,agatu,2,0.6666666666666666,0.38095238095238093,0.42857142857142855,1,0.0,0,0,,,0,1,0.0,0,0,1,1.0
dg-general,akan,3,0.26251207729468595,0.17908212560386474,0.31781376518218607,2,0.5,1,0,1.0,0.6666666666666666,0,0,,0,0,2,1.0
dg-general,alago,1,0.09090909090909091,0.045454545454545456,0.5,0,,0,0,,,0,0,,0,0,1,1.0
dg-general,anaang,3,0.15128205128205127,0.1346153846153846,0.11016949152542371,2,1.0,2,0,1.0,1.0,0,1,1.0,0,0,3,1.0
dg-general,angas,3,0.33641975308641975,0.22584541062801933,0.32867969684882326,0,,0,0,,,0,1,1.0,0,0,4,1.0
dg-general,bagi,2,0.4222222222222222,0.3466666666666667,0.1789473684210526,1,1.0,1,0,1.0,1.0,0,2,1.0,0,0,0,
dg-general,bajju,3,0.2108294930875576,0.05539554531490015,0.7372495446265939,0,,0,0,,,0,2,1.0,0,0,1,1.0
dg-general,bassa,2,0.11805555555555555,0.11805555555555555,0.0,4,1.0,4,0,1.0,1.0,0,3,1.0,0,0,0,
dg-general,bekwarra,3,0.3458624708624709,0.23222610722610723,0.3285593934288122,1,1.0,1,0,1.0,1.0,0,0,,0,0,1,1.0
dg-general,benin,1,1.9,1.9,0.0,0,,0,0,,,0,0,,0,0,0,
dg-general,berom,3,0.17487684729064037,0.14039408866995073,0.19718309859154923,1,1.0,1,0,1.0,1.0,0,2,1.0,0,0,1,1.0
dg-general,bini,3,0.25317460317460316,0.1976190476190476,0.219435736677116,1,1.0,1,0,1.0,1.0,0,2,1.0,0,0,0,
dg-general,brass,3,0.1615159034513873,0.10775246259117227,0.3328677839851023,1,1.0,1,0,1.0,1.0,0,1,1.0,0,0,1,1.0
dg-general,delta,3,0.43,0.36166666666666664,0.1589147286821706,0,,0,0,,,0,1,0.0,0,0,2,1.0
dg-general,ebiobo,3,0.29480820105820105,0.21610449735449735,0.26696578799775655,0,,0,0,,,0,0,,0,0,1,1.0
dg-general,ebira,9,0.33330635457072233,0.2646458937533988,0.20599805516985684,3,1.0,2,0,1.0,1.0,0,7,0.8571428571428571,1,0,2,1.0
dg-general,edo,1,0.23333333333333334,0.16666666666666666,0.28571428571428575,0,,0,0,,,0,0,,0,0,2,1.0
dg-general,efik,2,0.6682692307692308,0.40384615384615385,0.3956834532374101,4,0.0,1,1,0.0,,2,4,1.0,0,0,0,
dg-general,eggon,3,0.43081232492997196,0.20056022408963584,0.5344603381014305,0,,0,0,,,0,1,1.0,0,0,1,1.0
dg-general,ekene,3,0.38571428571428573,0.38571428571428573,0.0,4,1.0,4,0,1.0,1.0,0,2,1.0,0,0,0,
dg-general,eket,2,0.125,0.125,0.0,4,1.0,4,0,1.0,1.0,0,1,1.0,0,0,0,
dg-general,ekpeye,3,0.46618357487922696,0.375,0.19559585492227963,1,1.0,1,0,1.0,1.0,0,3,1.0,0,0,2,1.0
dg-general,eleme,2,0.6090909090909091,0.6090909090909091,0.0,2,1.0,2,0,1.0,1.0,0,2,1.0,0,0,0,
dg-general,english,3,0.2814319336058467,0.21448921448921446,0.23786468812877282,0,,0,0,,,0,0,,0,0,3,1.0
dg-general,epie,3,0.34165542060278903,0.28609986504723345,0.1626069782751811,3,1.0,3,0,1.0,1.0,0,2,1.0,0,0,1,1.0
dg-general,esan,6,0.2209365797601092,0.0602061337355455,0.7274958551412503,0,,0,0,,,0,0,,0,0,0,
dg-general,estako,2,0.34259259259259256,0.34259259259259256,0.0,3,1.0,2,0,1.0,1.0,0,3,1.0,0,0,0,
dg-general,etche,3,0.4444444444444444,0.37777777777777777,0.14999999999999997,1,1.0,1,0,1.0,1.0,0,3,0.3333333333333333,0,1,1,1.0
dg-general,etsako,2,0.19444444444444442,0.19444444444444442,0.0,7,0.8571428571428571,6,0,1.0,0.923076923076923,0,2,1.0,0,0,0,
dg-general,fulani,3,0.21507936507936506,0.19603174603174603,0.08856088560885604,0,,0,0,,,0,1,1.0,0,0,2,1.0
dg-general,gbagyi,3,0.4511111111111111,0.3792270531400966,0.1593488969800814,0,,0,0,,,0,3,1.0,0,0,0,
dg-general,hausa,28,0.32666425002019617,0.25343400245153513,0.22417588568119573,16,0.6875,11,0,1.0,0.8148148148148148,0,17,0.5882352941176471,1,1,14,1.0
dg-general,ibani,3,0.10256410256410257,0.06410256410256411,0.375,0,,0,0,,,0,1,1.0,0,0,2,1.0
dg-general,ibibio,9,0.30469802686341474,0.2598126653113865,0.14731096887656814,6,0.5,0,0,,,0,2,1.0,0,0,6,1.0
dg-general,idah,2,0.7057416267942584,0.7057416267942584,0.0,2,0.5,2,1,0.5,0.5,0,4,0.75,0,0,0,
dg-general,idoma,9,0.4833825960431775,0.4486603738209553,0.07183175916230276,10,0.7,7,0,1.0,0.8235294117647058,0,7,0.8571428571428571,0,0,1,1.0
dg-general,igala,8,0.34179639804639805,0.32737332112332107,0.04219786108196226,2,1.0,2,0,1.0,1.0,0,0,,0,0,1,1.0
dg-general,igarra,3,0.47594696969696965,0.47594696969696965,0.0,1,0.0,0,0,,,0,2,0.5,0,0,1,1.0
dg-general,igbo,28,0.3357045153671053,0.26483965475711724,0.2110929623109023,11,0.7272727272727273,9,1,0.8888888888888888,0.7999999999999999,0,16,0.875,0,0,15,0.9333333333333333
dg-general,ijaw,27,0.40138306240458593,0.3238343702683347,0.1932036984113787,3,0.6666666666666666,2,0,1.0,0.8,0,5,1.0,0,0,10,0.9
dg-general,ika,3,0.41060606060606064,0.15185185185185188,0.6301763017630175,0,,0,0,,,0,2,1.0,0,0,1,1.0
dg-general,ikulu,2,0.0,0.0,,2,1.0,2,0,1.0,1.0,0,1,1.0,0,0,1,1.0
dg-general,ishan,2,0.4166666666666667,0.4166666666666667,0.0,0,,0,0,,,0,2,1.0,0,0,0,
dg-general,isixhosa,2,0.1225,0.0,1.0,2,1.0,2,0,1.0,1.0,0,0,,0,0,1,1.0
dg-general,isizulu,9,0.36769059400638343,0.1490092753250648,0.5947427599345174,8,0.75,5,0,1.0,0.8571428571428571,0,0,,0,0,3,1.0
dg-general,isoko,2,0.16666666666666666,0.16666666666666666,0.0,1,1.0,1,0,1.0,1.0,0,1,1.0,0,0,0,
dg-general,itsekiri,2,0.05,0.05,0.0,1,1.0,1,0,1.0,1.0,0,2,1.0,0,0,0,
dg-general,izon,2,0.3282967032967033,0.057692307692307696,0.8242677824267782,0,,0,0,,,0,1,1.0,0,0,1,1.0
dg-general,jaba,2,0.5034722222222222,0.44791666666666663,0.11034482758620695,2,0.5,1,0,1.0,0.6666666666666666,0,0,,0,0,0,
dg-general,jukun,2,0.3125,0.0,1.0,0,,0,0,,,0,0,,0,0,0,
dg-general,kalabari,2,0.175,0.125,0.28571428571428564,2,1.0,2,0,1.0,1.0,0,0,,0,0,2,1.0
dg-general,kanuri,2,0.4351851851851852,0.41666666666666663,0.042553191489361764,2,1.0,2,0,1.0,1.0,0,2,1.0,0,0,0,
dg-general,khana,2,0.45864661654135336,0.45864661654135336,0.0,1,1.0,1,0,1.0,1.0,0,1,1.0,0,0,0,
dg-general,kikuyu,2,0.20723684210526316,0.14473684210526316,0.30158730158730157,0,,0,0,,,0,0,,0,0,2,1.0
dg-general,kinyarwanda,8,0.3420322430047288,0.2165115979187374,0.36698483155652667,3,0.3333333333333333,1,0,1.0,0.5,0,0,,0,0,5,0.8
dg-general,kiswahili,6,0.3136039886039886,0.10185185185185186,0.6752214399273222,1,1.0,1,0,1.0,1.0,0,1,1.0,0,0,1,1.0
dg-general,kubi,2,0.21462639109697934,0.05643879173290938,0.737037037037037,2,1.0,2,0,1.0,1.0,0,0,,0,0,1,1.0
dg-general,luganda,7,0.3438208616780046,0.2185374149659864,0.36438582028029687,0,,0,0,,,0,0,,0,0,4,1.0
dg-general,luhya,7,0.2306997942836531,0.1421637219599868,0.38377178704723175,3,0.6666666666666666,1,0,1.0,0.8,0,1,1.0,0,0,4,1.0
dg-general,luo,2,0.30625,0.14375,0.5306122448979592,2,0.5,1,0,1.0,0.6666666666666666,0,0,,0,0,1,1.0
dg-general,mada,2,0.5481283422459893,0.5481283422459893,0.0,3,0.6666666666666666,2,0,1.0,0.8,0,2,1.0,0,0,0,
dg-general,mwaghavul,2,0.2976190476190476,0.2783882783882784,0.06461538461538457,3,0.3333333333333333,1,0,1.0,0.5,0,2,1.0,0,0,0,
dg-general,nembe,4,0.2630952380952381,0.2630952380952381,0.0,0,,0,0,,,0,0,,0,0,0,
dg-general,ngas,2,0.30000000000000004,0.0,1.0,0,,0,0,,,0,0,,0,0,0,
dg-general,nyandang,1,1.1333333333333333,0.9333333333333333,0.17647058823529407,0,,0,0,,,0,1,0.0,0,0,0,
dg-general,obolo,1,0.22727272727272727,0.22727272727272727,0.0,0,,0,0,,,0,0,,0,0,0,
dg-general,ogbia,1,0.3,0.3,0.0,0,,0,0,,,0,0,,0,0,1,1.0
dg-general,ogoni,1,0.07692307692307693,0.07692307692307693,0.0,1,0.0,0,0,,,0,0,,0,0,0,
dg-general,oklo,1,0.06896551724137931,0.0,1.0,0,,0,0,,,0,1,1.0,0,0,0,
dg-general,pidgin,7,0.24837023545751885,0.21915468450283745,0.11762903433603425,1,0.0,0,0,,,0,1,0.0,1,0,3,1.0
dg-general,sepedi,1,0.35294117647058826,0.17647058823529413,0.5,1,0.0,0,0,,,0,0,,0,0,0,
dg-general,sesotho,1,0.2631578947368421,0.10526315789473684,0.6,1,0.0,0,0,,,0,0,,0,0,0,
dg-general,setswana,7,0.2854450871257594,0.1212121212121212,0.5753574796727244,5,0.8,4,0,1.0,0.888888888888889,0,0,,0,0,2,1.0
dg-general,sotho,1,0.0,0.0,,0,,0,0,,,0,0,,0,0,1,1.0
dg-general,swahili,26,0.2604995154711314,0.1385106137823529,0.4682884014895503,13,0.8461538461538461,10,0,1.0,0.9166666666666666,0,5,1.0,0,0,19,0.9473684210526315
dg-general,tshivenda,1,0.14285714285714285,0.14285714285714285,0.0,0,,0,0,,,0,0,,0,0,1,1.0
dg-general,tswana,7,0.2510513296227582,0.13615491651205938,0.4576610420002464,0,,0,0,,,0,1,1.0,0,0,0,
dg-general,twi,7,0.406183079292323,0.2317860477524343,0.4293557275791347,2,1.0,2,0,1.0,1.0,0,0,,0,0,4,1.0
dg-general,ukwuani,1,0.5333333333333333,0.26666666666666666,0.5,0,,0,0,,,0,1,1.0,0,0,0,
dg-general,urhobo,7,0.3837662337662338,0.28750000000000003,0.25084602368866327,1,1.0,1,0,1.0,1.0,0,1,1.0,0,0,4,1.0
dg-general,xhosa,7,0.3840839715839716,0.3086691086691086,0.19634993515571678,2,0.5,2,1,0.5,0.5,0,0,,0,0,3,1.0
dg-general,yoruba,26,0.39818094604278814,0.2975418582183456,0.2527471211885361,9,0.6666666666666666,6,0,1.0,0.8,0,12,0.75,0,0,19,0.8421052631578947
dg-general,zulu,7,0.25893595194981656,0.2109839039977686,0.1851888375907776,3,0.6666666666666666,2,0,1.0,0.8,0,1,1.0,0,0,3,1.0
dg-medical,afemai,1,0.36,0.13043478260869565,0.6376811594202898,0,,0,0,,,0,1,1.0,0,0,0,
dg-medical,afo,3,0.4884259259259259,0.4328703703703704,0.11374407582938371,1,1.0,1,0,1.0,1.0,0,0,,0,0,1,1.0
dg-medical,afrikaans,2,0.3666666666666667,0.0625,0.8295454545454546,0,,0,0,,,0,0,,0,0,2,1.0
dg-medical,agatu,2,0.6964285714285714,0.4107142857142857,0.41025641025641024,1,0.0,0,0,,,0,1,0.0,0,0,1,1.0
dg-medical,akan,3,0.2758454106280193,0.17908212560386474,0.35078809106830117,2,0.5,1,0,1.0,0.6666666666666666,0,0,,0,0,2,1.0
dg-medical,alago,1,0.18181818181818182,0.045454545454545456,0.7499999999999999,0,,0,0,,,0,0,,0,0,1,1.0
dg-medical,anaang,3,0.15128205128205127,0.1346153846153846,0.11016949152542371,2,1.0,2,0,1.0,1.0,0,1,1.0,0,0,3,1.0
dg-medical,angas,3,0.28086419753086417,0.17028985507246377,0.3936932632584806,0,,0,0,,,0,1,1.0,0,0,4,1.0
dg-medical,bagi,2,0.62,0.6,0.03225806451612906,1,1.0,1,0,1.0,1.0,0,2,0.5,0,0,0,
dg-medical,bajju,3,0.2108294930875576,0.05539554531490015,0.7372495446265939,0,,0,0,,,0,2,1.0,0,0,1,1.0
dg-medical,bassa,2,0.13657407407407407,0.13657407407407407,0.0,4,1.0,4,0,1.0,1.0,0,3,0.6666666666666666,1,0,0,
dg-medical,bekwarra,3,0.3715034965034965,0.2065850815850816,0.44392156862745097,1,1.0,1,0,1.0,1.0,0,0,,0,0,1,1.0
dg-medical,benin,1,1.6,1.6,0.0,0,,0,0,,,0,0,,0,0,0,
dg-medical,berom,3,0.12807881773399013,0.09359605911330049,0.26923076923076916,1,1.0,1,0,1.0,1.0,0,2,1.0,0,0,1,1.0
dg-medical,bini,3,0.396031746031746,0.3126984126984127,0.2104208416833667,1,1.0,1,0,1.0,1.0,0,2,1.0,0,0,0,
dg-medical,brass,3,0.1615159034513873,0.10775246259117227,0.3328677839851023,1,1.0,1,0,1.0,1.0,0,1,1.0,0,0,1,1.0
dg-medical,delta,3,0.41083333333333333,0.31875000000000003,0.22413793103448268,0,,0,0,,,0,1,0.0,0,0,2,1.0
dg-medical,ebiobo,3,0.2471891534391534,0.136739417989418,0.44682274247491627,0,,0,0,,,0,0,,0,0,1,1.0
dg-medical,ebira,9,0.31648260441363885,0.2252368131678477,0.2883121851668474,3,1.0,3,0,1.0,1.0,0,7,0.8571428571428571,1,0,2,1.0
dg-medical,edo,1,0.26666666666666666,0.2,0.24999999999999994,0,,0,0,,,0,0,,0,0,2,1.0
dg-medical,efik,2,0.9278846153846154,0.4951923076923077,0.46632124352331605,4,0.25,1,0,1.0,0.4,0,4,1.0,0,0,0,
dg-medical,eggon,3,0.43081232492997196,0.20056022408963584,0.5344603381014305,0,,0,0,,,0,1,1.0,0,0,1,1.0
dg-medical,ekene,3,0.38285714285714284,0.38285714285714284,0.0,4,1.0,4,0,1.0,1.0,0,2,1.0,0,0,0,
dg-medical,eket,2,0.125,0.125,0.0,4,1.0,4,0,1.0,1.0,0,1,1.0,0,0,0,
dg-medical,ekpeye,3,0.4794685990338165,0.3869047619047619,0.1930550557754589,1,1.0,1,0,1.0,1.0,0,3,1.0,0,0,2,1.0
dg-medical,eleme,2,0.6136363636363636,0.6136363636363636,0.0,2,1.0,2,0,1.0,1.0,0,2,1.0,0,0,0,
dg-medical,english,3,0.2814319336058467,0.18274318274318277,0.35066649899396374,0,,0,0,,,0,0,,0,0,3,1.0
dg-medical,epie,3,0.34165542060278903,0.28609986504723345,0.1626069782751811,3,1.0,3,0,1.0,1.0,0,2,1.0,0,0,1,1.0
dg-medical,esan,6,0.19021762551174315,0.02948717948717949,0.8449818758495695,0,,0,0,,,0,0,,0,0,0,
dg-medical,estako,2,0.4074074074074074,0.4074074074074074,0.0,3,1.0,2,0,1.0,1.0,0,3,1.0,0,0,0,
dg-medical,etche,3,0.37777777777777777,0.3111111111111111,0.17647058823529407,1,1.0,1,0,1.0,1.0,0,3,0.3333333333333333,0,1,1,1.0
dg-medical,etsako,2,0.2638888888888889,0.2638888888888889,0.0,7,1.0,6,0,1.0,1.0,0,2,1.0,0,0,0,
dg-medical,fulani,3,0.2523809523809524,0.2333333333333333,0.07547169811320761,0,,0,0,,,0,1,1.0,0,0,2,1.0
dg-medical,gbagyi,3,0.43777777777777777,0.3647342995169082,0.1668505848598543,0,,0,0,,,0,3,1.0,0,0,0,
dg-medical,hausa,28,0.32081183133398994,0.2523874716377192,0.21328502571663482,16,0.6875,13,2,0.8461538461538461,0.7586206896551724,1,17,0.5294117647058824,2,1,14,1.0
dg-medical,ibani,3,0.10256410256410257,0.06410256410256411,0.375,0,,0,0,,,0,1,1.0,0,0,2,1.0
dg-medical,ibibio,9,0.2391041081365037,0.1942187465844755,0.1877230880801233,6,0.6666666666666666,2,0,1.0,0.8,0,2,1.0,0,0,6,1.0
dg-medical,idah,2,0.6602870813397129,0.6602870813397129,0.0,2,1.0,3,1,0.6666666666666666,0.8,0,4,0.75,0,0,0,
dg-medical,idoma,9,0.4157396963991925,0.3810174741769703,0.08351914075792752,10,0.7,7,0,1.0,0.8235294117647058,0,7,0.7142857142857143,1,0,1,1.0
dg-medical,igala,8,0.27644993894993897,0.262026862026862,0.05217247280958449,2,1.0,2,0,1.0,1.0,0,0,,0,0,1,1.0
dg-medical,igarra,3,0.38200757575757577,0.38200757575757577,0.0,1,0.0,0,0,,,0,2,0.5,0,0,1,1.0
dg-medical,igbo,28,0.30411979642415365,0.22025022022324317,0.27577808872375476,11,0.8181818181818182,11,2,0.8181818181818182,0.8181818181818182,1,16,0.875,0,0,15,1.0
dg-medical,ijaw,27,0.33919172554004645,0.26312451488527666,0.22426021900640075,3,0.6666666666666666,2,0,1.0,0.8,0,5,1.0,0,0,10,1.0
dg-medical,ika,3,0.41060606060606064,0.15185185185185188,0.6301763017630175,0,,0,0,,,0,2,1.0,0,0,1,1.0
dg-medical,ikulu,2,0.0,0.0,,2,1.0,2,0,1.0,1.0,0,1,1.0,0,0,1,1.0
dg-medical,ishan,2,0.4375,0.4375,0.0,0,,0,0,,,0,2,1.0,0,0,0,
dg-medical,isixhosa,2,0.1225,0.0,1.0,2,1.0,2,0,1.0,1.0,0,0,,0,0,1,1.0
dg-medical,isizulu,9,0.39084356189619346,0.16062378167641325,0.5890330624940054,8,0.75,6,0,1.0,0.8571428571428571,0,0,,0,0,3,1.0
dg-medical,isoko,2,0.16666666666666666,0.16666666666666666,0.0,1,1.0,1,0,1.0,1.0,0,1,1.0,0,0,0,
dg-medical,itsekiri,2,0.1,0.1,0.0,1,1.0,1,0,1.0,1.0,0,2,0.5,0,0,0,
dg-medical,izon,2,0.3282967032967033,0.057692307692307696,0.8242677824267782,0,,0,0,,,0,1,1.0,0,0,1,1.0
dg-medical,jaba,2,0.47916666666666663,0.4236111111111111,0.11594202898550719,2,1.0,2,0,1.0,1.0,0,0,,0,0,0,
dg-medical,jukun,2,0.3125,0.0,1.0,0,,0,0,,,0,0,,0,0,0,
dg-medical,kalabari,2,0.275,0.25,0.09090909090909098,2,1.0,2,0,1.0,1.0,0,0,,0,0,2,1.0
dg-medical,kanuri,2,0.23148148148148148,0.23148148148148148,0.0,2,1.0,2,0,1.0,1.0,0,2,1.0,0,0,0,
dg-medical,khana,2,0.40601503759398494,0.40601503759398494,0.0,1,1.0,2,1,0.5,0.6666666666666666,0,1,1.0,0,0,0,
dg-medical,kikuyu,2,0.20723684210526316,0.14473684210526316,0.30158730158730157,0,,0,0,,,0,0,,0,0,2,1.0
dg-medical,kinyarwanda,8,0.2898263606517876,0.1580557155657962,0.45465376161662346,3,1.0,3,0,1.0,1.0,0,0,,0,0,5,1.0
dg-medical,kiswahili,6,0.30434472934472934,0.11111111111111112,0.6349169201965832,1,1.0,1,0,1.0,1.0,0,1,1.0,0,0,1,1.0
dg-medical,kubi,2,0.22813990461049286,0.0699523052464229,0.6933797909407665,2,1.0,2,0,1.0,1.0,0,0,,0,0,1,1.0
dg-medical,luganda,7,0.2684240362811791,0.0915532879818594,0.658922914466737,0,,0,0,,,0,0,,0,0,4,1.0
dg-medical,luhya,7,0.24175738109008785,0.1087092731829574,0.5503373146549422,3,0.6666666666666666,2,0,1.0,0.8,0,1,1.0,0,0,4,1.0
dg-medical,luo,2,0.30625,0.14375,0.5306122448979592,2,0.5,1,0,1.0,0.6666666666666666,0,0,,0,0,1,1.0
dg-medical,mada,2,0.5775401069518716,0.5775401069518716,0.0,3,0.6666666666666666,2,0,1.0,0.8,0,2,1.0,0,0,0,
dg-medical,mwaghavul,2,0.23076923076923078,0.21153846153846154,0.0833333333333334,3,1.0,3,0,1.0,1.0,0,2,1.0,0,0,0,
dg-medical,nembe,4,0.27976190476190477,0.27976190476190477,0.0,0,,0,0,,,0,0,,0,0,0,
dg-medical,ngas,2,0.30000000000000004,0.0,1.0,0,,0,0,,,0,0,,0,0,0,
dg-medical,nyandang,1,1.0,0.8,0.19999999999999996,0,,0,0,,,0,1,1.0,0,0,0,
dg-medical,obolo,1,0.22727272727272727,0.22727272727272727,0.0,0,,0,0,,,0,0,,0,0,0,
dg-medical,ogbia,1,0.3,0.3,0.0,0,,0,0,,,0,0,,0,0,1,1.0
dg-medical,ogoni,1,0.07692307692307693,0.07692307692307693,0.0,1,0.0,0,0,,,0,0,,0,0,0,
dg-medical,oklo,1,0.20689655172413793,0.13793103448275862,0.3333333333333333,0,,0,0,,,0,1,1.0,0,0,0,
dg-medical,pidgin,7,0.2890672160041235,0.25985166504944207,0.10106836520079354,1,0.0,0,0,,,0,1,0.0,1,0,3,1.0
dg-medical,sepedi,1,0.29411764705882354,0.11764705882352941,0.6,1,1.0,0,0,,,0,0,,0,0,0,
dg-medical,sesotho,1,0.2631578947368421,0.10526315789473684,0.6,1,0.0,0,0,,,0,0,,0,0,0,
dg-medical,setswana,7,0.2724580741387464,0.10822510822510822,0.602782525101474,5,1.0,5,0,1.0,1.0,0,0,,0,0,2,1.0
dg-medical,sotho,1,0.0,0.0,,0,,0,0,,,0,0,,0,0,1,1.0
dg-medical,swahili,26,0.27094560163672116,0.15161513404450389,0.4404222355755874,13,1.0,12,0,1.0,1.0,0,5,1.0,0,0,19,0.8421052631578947
dg-medical,tshivenda,1,0.14285714285714285,0.14285714285714285,0.0,0,,0,0,,,0,0,,0,0,1,1.0
dg-medical,tswana,7,0.3458874458874459,0.17826994434137292,0.48460128732344004,0,,0,0,,,0,1,1.0,0,0,0,
dg-medical,twi,7,0.38237355548279917,0.2079765239429105,0.456090723428006,2,1.0,2,0,1.0,1.0,0,0,,0,0,4,1.0
dg-medical,ukwuani,1,0.5333333333333333,0.26666666666666666,0.5,0,,0,0,,,0,1,1.0,0,0,0,
dg-medical,urhobo,7,0.3266233766233766,0.23035714285714287,0.29473161033797207,1,1.0,1,0,1.0,1.0,0,1,1.0,0,0,4,1.0
dg-medical,xhosa,7,0.3582903207903208,0.28287545787545787,0.21048534816266312,2,0.5,2,1,0.5,0.5,0,0,,0,0,3,1.0
dg-medical,yoruba,26,0.3918750877632457,0.2965778802806835,0.24318261215966028,9,0.7777777777777778,7,0,1.0,0.8750000000000001,0,12,0.75,0,0,19,0.8421052631578947
dg-medical,zulu,7,0.2877959808098454,0.23984393285779745,0.16661819882651932,3,0.6666666666666666,2,0,1.0,0.8,0,1,1.0,0,0,3,1.0
gemini,afemai,1,0.48,0.21739130434782608,0.5471014492753624,0,,0,0,,,0,1,1.0,0,0,0,
gemini,afo,3,0.19212962962962962,0.1550925925925926,0.1927710843373494,1,1.0,1,0,1.0,1.0,0,0,,0,0,1,1.0
gemini,afrikaans,2,0.4875,0.18333333333333335,0.6239316239316239,0,,0,0,,,0,0,,0,0,2,1.0
gemini,agatu,2,0.5654761904761905,0.5654761904761905,0.0,1,0.0,0,0,,,0,1,1.0,0,0,1,1.0
gemini,akan,3,0.2752898550724638,0.1518599033816425,0.4483636044573134,2,1.0,1,0,1.0,1.0,0,0,,0,0,2,1.0
gemini,alago,1,0.36363636363636365,0.3181818181818182,0.12500000000000003,0,,0,0,,,0,0,,0,0,1,1.0
gemini,anaang,3,0.15128205128205127,0.1346153846153846,0.11016949152542371,2,1.0,2,0,1.0,1.0,0,1,1.0,0,0,3,1.0
gemini,angas,3,0.4549382716049383,0.3958937198067633,0.1297858533419858,0,,0,0,,,0,1,0.0,0,0,4,1.0
gemini,bagi,2,0.2511111111111111,0.2511111111111111,0.0,1,1.0,1,0,1.0,1.0,0,2,1.0,0,0,0,
gemini,bajju,3,0.18999615975422426,0.05539554531490015,0.7084386053562405,0,,0,0,,,0,2,1.0,0,0,1,1.0
gemini,bassa,2,0.11805555555555555,0.11805555555555555,0.0,4,1.0,2,0,1.0,1.0,0,3,1.0,0,0,0,
gemini,bekwarra,3,0.344988344988345,0.23135198135198135,0.329391891891892,1,1.0,1,0,1.0,1.0,0,0,,0,0,1,1.0
gemini,benin,1,0.5,0.5,0.0,0,,0,0,,,0,0,,0,0,0,
gemini,berom,3,0.24384236453201968,0.20935960591133004,0.14141414141414135,1,0.0,0,0,,,0,2,0.5,0,0,1,1.0
gemini,bini,3,0.3007936507936508,0.24523809523809526,0.18469656992084424,1,1.0,1,0,1.0,1.0,0,2,1.0,0,0,0,
gemini,brass,3,0.1615159034513873,0.10775246259117227,0.3328677839851023,1,1.0,1,0,1.0,1.0,0,1,1.0,0,0,1,1.0
gemini,delta,3,0.41250000000000003,0.3754166666666667,0.08989898989898995,0,,0,0,,,0,1,0.0,0,0,2,1.0
gemini,ebiobo,3,0.4421296296296296,0.3634259259259259,0.17801047120418853,0,,0,0,,,0,0,,0,0,1,1.0
gemini,ebira,9,0.33040756833860285,0.27653551446654895,0.1630472756509186,3,0.6666666666666666,3,1,0.6666666666666666,0.6666666666666666,0,7,0.8571428571428571,1,0,2,1.0
gemini,edo,1,0.2,0.2,0.0,0,,0,0,,,0,0,,0,0,2,1.0
gemini,efik,2,1.3076923076923077,0.6923076923076923,0.47058823529411764,4,0.25,1,0,1.0,0.4,0,4,1.0,0,0,0,
gemini,eggon,3,0.27843137254901956,0.19103641456582632,0.3138832997987927,0,,0,0,,,0,1,1.0,0,0,1,1.0
gemini,ekene,3,0.28476190476190477,0.28476190476190477,0.0,4,0.5,2,0,1.0,0.6666666666666666,0,2,1.0,0,0,0,
gemini,eket,2,0.25,0.25,0.0,4,1.0,4,0,1.0,1.0,0,1,1.0,0,0,0,
gemini,ekpeye,3,0.4365942028985507,0.3551587301587302,0.1865244022920371,1,1.0,2,1,0.5,0.6666666666666666,0,3,1.0,0,0,2,1.0
gemini,eleme,2,0.4727272727272727,0.4727272727272727,0.0,2,1.0,2,0,1.0,1.0,0,2,1.0,0,0,0,
gemini,english,3,0.25411866716214543,0.1857956857956858,0.26886250478743773,0,,0,0,,,0,0,,0,0,3,1.0
gemini,epie,3,0.3181511470985155,0.2625955915429599,0.174620007069636,3,1.0,3,0,1.0,1.0,0,2,1.0,0,0,1,1.0
gemini,esan,6,0.21009480715363069,0.1219528837175896,0.419534040989351,0,,0,0,,,0,0,,0,0,0,
gemini,estako,2,0.6481481481481481,0.6481481481481481,0.0,3,0.3333333333333333,2,1,0.5,0.4,1,3,0.6666666666666666,1,0,0,
gemini,etche,3,0.8166666666666668,0.75,0.0816326530612246,1,0.0,0,0,,,0,3,0.3333333333333333,0,1,1,1.0
gemini,etsako,2,0.5972222222222222,0.5972222222222222,0.0,7,0.7142857142857143,5,0,1.0,0.8333333333333333,0,2,1.0,0,0,0,
gemini,fulani,3,0.2896825396825397,0.2706349206349206,0.06575342465753439,0,,0,0,,,0,1,1.0,0,0,2,1.0
gemini,gbagyi,3,0.3133333333333333,0.2536231884057971,0.190564292321924,0,,0,0,,,0,3,1.0,0,0,0,
gemini,hausa,28,0.3244982664365386,0.2750075974912643,0.1525144324768006,16,0.5,8,0,1.0,0.6666666666666666,0,17,0.5294117647058824,1,0,14,0.9285714285714286
gemini,ibani,3,0.17663817663817663,0.150997150997151,0.1451612903225806,0,,0,0,,,0,1,1.0,0,0,2,1.0
gemini,ibibio,9,0.27439980451489404,0.24741567753076707,0.09833872524738738,6,0.5,4,2,0.5,0.5,2,2,1.0,0,0,6,1.0
gemini,idah,2,0.7057416267942584,0.7057416267942584,0.0,2,1.0,3,1,0.6666666666666666,0.8,0,4,0.75,0,0,0,
gemini,idoma,9,0.43080868695837915,0.43080868695837915,0.0,10,0.5,5,0,1.0,0.6666666666666666,0,7,0.7142857142857143,1,0,1,1.0
gemini,igala,8,0.3111988705738706,0.3063911782661783,0.01544893880503679,2,1.0,2,0,1.0,1.0,0,0,,0,0,1,1.0
gemini,igarra,3,0.5291666666666667,0.5291666666666667,0.0,1,0.0,0,0,,,0,2,0.5,0,0,1,1.0
gemini,igbo,28,0.3437013322393269,0.2857780319846923,0.16852800621180403,11,0.9090909090909091,9,1,0.8888888888888888,0.8988764044943819,0,16,0.875,2,0,15,0.8666666666666667
gemini,ijaw,27,0.38070841488747725,0.3139621918870285,0.17532111293147107,3,1.0,1,0,1.0,1.0,0,5,1.0,0,0,10,0.9
gemini,ika,3,0.20000000000000004,0.13333333333333333,0.3333333333333335,0,,0,0,,,0,2,1.0,0,0,1,1.0
gemini,ikulu,2,0.16666666666666666,0.16666666666666666,0.0,2,1.0,2,0,1.0,1.0,0,1,1.0,0,0,1,1.0
gemini,ishan,2,0.29166666666666663,0.29166666666666663,0.0,0,,0,0,,,0,2,1.0,0,0,0,
gemini,isixhosa,2,0.10250000000000001,0.04,0.6097560975609756,2,0.5,1,0,1.0,0.6666666666666666,0,0,,0,0,1,1.0
gemini,isizulu,9,0.26921077622832007,0.1254107490949596,0.5341540526275307,8,0.875,8,1,0.875,0.875,0,0,,0,0,3,1.0
gemini,isoko,2,0.25,0.25,0.0,1,1.0,1,0,1.0,1.0,0,1,1.0,0,0,0,
gemini,itsekiri,2,0.15,0.15,0.0,1,1.0,1,0,1.0,1.0,0,2,0.5,1,0,0,
gemini,izon,2,0.3997252747252747,0.14697802197802198,0.6323024054982818,0,,0,0,,,0,1,1.0,0,0,1,1.0
gemini,jaba,2,0.6527777777777778,0.6527777777777778,0.0,2,0.5,1,0,1.0,0.6666666666666666,0,0,,0,0,0,
gemini,jukun,2,0.34375,0.0,1.0,0,,0,0,,,0,0,,0,0,0,
gemini,kalabari,2,0.6694444444444444,0.5694444444444444,0.14937759336099582,2,0.5,0,0,,,0,0,,0,0,2,1.0
gemini,kanuri,2,0.4722222222222222,0.4722222222222222,0.0,2,1.0,2,0,1.0,1.0,0,2,1.0,0,0,0,
gemini,khana,2,0.7706766917293233,0.7706766917293233,0.0,1,1.0,0,0,,,0,1,1.0,0,0,0,
gemini,kikuyu,2,0.20723684210526316,0.14473684210526316,0.30158730158730157,0,,0,0,,,0,0,,0,0,2,1.0
gemini,kinyarwanda,8,0.3077393188458179,0.16992875779343997,0.4478159033081604,3,0.6666666666666666,2,0,1.0,0.8,0,0,,0,0,5,0.8
gemini,kiswahili,6,0.2725783475783476,0.1024928774928775,0.6239874575385419,1,1.0,2,1,0.5,0.6666666666666666,0,1,1.0,0,0,1,1.0
gemini,kubi,2,0.3298887122416534,0.17170111287758347,0.4795180722891566,2,1.0,2,0,1.0,1.0,0,0,,0,0,1,1.0
gemini,luganda,7,0.37329931972789115,0.2820294784580499,0.24449506454062264,0,,0,0,,,0,0,,0,0,4,1.0
gemini,luhya,7,0.21426850092263625,0.1427581660194442,0.3337417053615901,3,1.0,3,0,1.0,1.0,0,1,1.0,0,0,4,1.0
gemini,luo,2,0.225,0.175,0.2222222222222223,2,1.0,2,0,1.0,1.0,0,0,,0,0,1,1.0
gemini,mada,2,0.4304812834224599,0.4304812834224599,0.0,3,1.0,2,0,1.0,1.0,0,2,1.0,0,0,0,
gemini,mwaghavul,2,0.2976190476190476,0.2783882783882784,0.06461538461538457,3,0.3333333333333333,1,0,1.0,0.5,0,2,1.0,0,0,0,
gemini,nembe,4,0.5321428571428571,0.5321428571428571,0.0,0,,0,0,,,0,0,,0,0,0,
gemini,ngas,2,0.30000000000000004,0.0,1.0,0,,0,0,,,0,0,,0,0,0,
gemini,nyandang,1,0.6,0.6,0.0,0,,0,0,,,0,1,0.0,0,0,0,
gemini,obolo,1,0.22727272727272727,0.22727272727272727,0.0,0,,0,0,,,0,0,,0,0,0,
gemini,ogbia,1,0.3,0.3,0.0,0,,0,0,,,0,0,,0,0,1,1.0
gemini,ogoni,1,0.3076923076923077,0.3076923076923077,0.0,1,0.0,0,0,,,0,0,,0,0,0,
gemini,oklo,1,0.13793103448275862,0.06896551724137931,0.5,0,,0,0,,,0,1,1.0,0,0,0,
gemini,pidgin,7,0.2722792142537157,0.2536456738810449,0.0684354126103348,1,0.0,0,0,,,0,1,0.0,1,0,3,1.0
gemini,sepedi,1,0.4117647058823529,0.29411764705882354,0.28571428571428564,1,0.0,0,0,,,0,0,,0,0,0,
gemini,sesotho,1,0.3157894736842105,0.10526315789473684,0.6666666666666666,1,1.0,1,0,1.0,1.0,0,0,,0,0,0,
gemini,setswana,7,0.23999054167121395,0.12492269635126776,0.4794682512012855,5,1.0,5,0,1.0,1.0,0,0,,0,0,2,1.0
gemini,sotho,1,0.14285714285714285,0.14285714285714285,0.0,0,,0,0,,,0,0,,0,0,1,1.0
gemini,swahili,26,0.2620659324881733,0.15619239316981792,0.403995812477966,13,0.6923076923076923,9,0,1.0,0.8181818181818181,0,5,1.0,0,0,19,0.8421052631578947
gemini,tshivenda,1,0.14285714285714285,0.14285714285714285,0.0,0,,0,0,,,0,0,,0,0,1,1.0
gemini,tswana,7,0.25037105751391464,0.11787260358688931,0.5292083487711498,0,,0,0,,,0,1,1.0,0,0,0,
gemini,twi,7,0.3506275237367675,0.20004001600640256,0.42947999667994696,2,1.0,2,0,1.0,1.0,0,0,,0,0,4,1.0
gemini,ukwuani,1,0.5333333333333333,0.26666666666666666,0.5,0,,0,0,,,0,1,1.0,0,0,0,
gemini,urhobo,7,0.24864718614718614,0.18035714285714285,0.2746463547334059,1,1.0,1,0,1.0,1.0,0,1,1.0,0,0,4,1.0
gemini,xhosa,7,0.4825958763458763,0.4240460927960928,0.1213225939539958,2,0.5,3,2,0.3333333333333333,0.4,0,0,,0,0,3,1.0
gemini,yoruba,26,0.30720826411615887,0.24424818304967047,0.20494266730624958,9,0.8888888888888888,8,0,1.0,0.9411764705882353,0,12,0.8333333333333334,0,0,19,0.9473684210526315
gemini,zulu,7,0.2671726173947199,0.21922056944267201,0.17947965034606714,3,0.6666666666666666,5,3,0.4,0.5,1,1,1.0,0,0,3,1.0
whisper,afemai,1,0.28,0.17391304347826086,0.3788819875776398,0,,0,0,,,0,1,1.0,0,0,0,
whisper,afo,3,0.17129629629629628,0.13425925925925924,0.21621621621621623,1,1.0,1,0,1.0,1.0,0,0,,0,0,1,1.0
whisper,afrikaans,2,0.4666666666666667,0.1625,0.6517857142857143,0,,0,0,,,0,0,,0,0,2,1.0
whisper,agatu,2,0.6369047619047619,0.35119047619047616,0.4485981308411215,1,0.0,0,0,,,0,1,0.0,0,0,1,1.0
whisper,akan,3,0.26251207729468595,0.15241545893719807,0.4193963930806035,2,0.5,1,0,1.0,0.6666666666666666,0,0,,0,0,2,1.0
whisper,alago,1,0.22727272727272727,0.22727272727272727,0.0,0,,0,0,,,0,0,,0,0,1,1.0
whisper,anaang,3,0.17692307692307693,0.16025641025641027,0.09420289855072461,2,1.0,2,0,1.0,1.0,0,1,1.0,0,0,3,1.0
whisper,angas,3,0.27777777777777773,0.18599033816425123,0.33043478260869547,0,,0,0,,,0,1,1.0,0,0,4,1.0
whisper,bagi,2,0.4177777777777778,0.3422222222222222,0.18085106382978733,1,1.0,1,0,1.0,1.0,0,2,1.0,0,0,0,
whisper,bajju,3,0.14237711213517665,0.031586021505376344,0.7781523937963587,0,,0,0,,,0,2,1.0,0,0,1,1.0
whisper,bassa,2,0.08101851851851852,0.08101851851851852,0.0,4,1.0,4,0,1.0,1.0,0,3,0.6666666666666666,1,0,0,
whisper,bekwarra,3,0.3706293706293706,0.25699300699300703,0.30660377358490554,1,1.0,1,0,1.0,1.0,0,0,,0,0,1,1.0
whisper,benin,1,0.9,0.9,0.0,0,,0,0,,,0,0,,0,0,0,
whisper,berom,3,0.24466338259441708,0.22167487684729062,0.09395973154362428,1,0.0,0,0,,,0,2,1.0,0,0,1,1.0
whisper,bini,3,0.1865079365079365,0.13095238095238096,0.2978723404255319,1,1.0,1,0,1.0,1.0,0,2,1.0,0,0,0,
whisper,brass,3,0.6727573501767051,0.6727573501767051,0.0,1,1.0,1,0,1.0,1.0,0,1,0.0,0,0,1,1.0
whisper,delta,3,0.27125,0.22375,0.17511520737327185,0,,0,0,,,0,1,0.0,0,0,2,1.0
whisper,ebiobo,3,0.3057208994708995,0.24785052910052907,0.18929150892374266,0,,0,0,,,0,0,,0,0,1,1.0
whisper,ebira,9,0.32455960961708086,0.3249227178233263,-0.0011187720082417687,3,0.3333333333333333,1,0,1.0,0.5,0,7,0.8571428571428571,0,0,2,1.0
whisper,edo,1,0.2,0.2,0.0,0,,0,0,,,0,0,,0,0,2,1.0
whisper,efik,2,0.5192307692307692,0.4807692307692308,0.07407407407407393,4,0.25,2,1,0.5,0.3333333333333333,2,4,1.0,0,0,0,
whisper,eggon,3,0.5064425770308123,0.35294117647058826,0.3030973451327433,0,,0,0,,,0,1,1.0,0,0,1,1.0
whisper,ekene,3,0.33809523809523806,0.33809523809523806,0.0,4,1.0,0,0,,,0,2,1.0,0,0,0,
whisper,eket,2,0.125,0.125,0.0,4,1.0,4,0,1.0,1.0,0,1,1.0,0,0,0,
whisper,ekpeye,3,0.45169082125603865,0.375,0.1697860962566845,1,1.0,1,0,1.0,1.0,0,3,1.0,0,0,2,1.0
whisper,eleme,2,0.38636363636363635,0.38636363636363635,0.0,2,1.0,0,0,,,0,2,1.0,0,0,0,
whisper,english,3,0.26359469837730704,0.1925111925111925,0.26966970998925877,0,,0,0,,,0,0,,0,0,3,1.0
whisper,epie,3,0.3181511470985155,0.2625955915429599,0.174620007069636,3,1.0,3,0,1.0,1.0,0,2,1.0,0,0,1,1.0
whisper,esan,6,0.1562432665373842,0.07921245421245422,0.49301844509567316,0,,0,0,,,0,0,,0,0,0,
whisper,estako,2,0.4537037037037037,0.4537037037037037,0.0,3,0.6666666666666666,2,0,1.0,0.8,0,3,1.0,0,0,0,
whisper,etche,3,0.3666666666666667,0.3666666666666667,0.0,1,0.0,0,0,,,0,3,0.3333333333333333,0,1,1,1.0
whisper,etsako,2,0.45833333333333337,0.45833333333333337,0.0,7,0.8571428571428571,3,0,1.0,0.923076923076923,0,2,0.5,0,0,0,
whisper,fulani,3,0.3912698412698412,0.3817460317460317,0.024340770791074967,0,,0,0,,,0,1,1.0,0,0,2,1.0
whisper,gbagyi,3,0.3822222222222222,0.33816425120772947,0.11526794742163793,0,,0,0,,,0,3,1.0,0,0,0,
whisper,hausa,28,0.3393259735613609,0.29346024861860487,0.13516715051717684,16,0.5,5,0,1.0,0.6666666666666666,0,17,0.47058823529411764,0,0,14,0.9285714285714286
whisper,ibani,3,0.1638176638176638,0.13817663817663817,0.15652173913043474,0,,0,0,,,0,1,1.0,0,0,2,1.0
whisper,ibibio,9,0.30850647331892006,0.2691766673224474,0.12748454051340213,6,0.16666666666666666,0,0,,,0,2,1.0,0,0,6,1.0
whisper,idah,2,0.7511961722488039,0.7511961722488039,0.0,2,0.5,2,1,0.5,0.5,0,4,0.75,0,0,0,
whisper,idoma,9,0.3007843471461314,0.2868954582572425,0.046175570705948986,10,0.6,6,0,1.0,0.7499999999999999,0,7,0.8571428571428571,0,0,1,1.0
whisper,igala,8,0.3926892551892552,0.3926892551892552,0.0,2,1.0,2,0,1.0,1.0,0,0,,0,0,1,1.0
whisper,igarra,3,0.4821969696969697,0.4821969696969697,0.0,1,0.0,0,0,,,0,2,0.5,0,0,1,1.0
whisper,igbo,28,0.33066418224724575,0.2838691868877826,0.14151818634070673,11,0.7272727272727273,6,0,1.0,0.8421052631578948,0,16,0.8125,1,0,15,0.8666666666666667
whisper,ijaw,27,0.3865284596454306,0.3414287445457155,0.11667889898996281,3,0.0,0,0,,,0,5,1.0,0,0,10,0.9
whisper,ika,3,0.34393939393939393,0.15185185185185188,0.5584924131179637,0,,0,0,,,0,2,1.0,0,0,1,1.0
whisper,ikulu,2,0.3333333333333333,0.3333333333333333,0.0,2,1.0,0,0,,,0,1,1.0,0,0,1,1.0
whisper,ishan,2,0.27083333333333337,0.27083333333333337,0.0,0,,0,0,,,0,2,1.0,0,0,0,
whisper,isixhosa,2,0.14250000000000002,0.04,0.7192982456140351,2,0.5,1,0,1.0,0.6666666666666666,0,0,,0,0,1,1.0
whisper,isizulu,9,0.25542345893223084,0.12641111325321852,0.505091999843452,8,0.875,7,1,0.8571428571428571,0.8659793814432989,0,0,,0,0,3,1.0
whisper,isoko,2,0.2222222222222222,0.2222222222222222,0.0,1,1.0,1,0,1.0,1.0,0,1,1.0,0,0,0,
whisper,itsekiri,2,0.1,0.1,0.0,1,0.0,0,0,,,0,2,1.0,0,0,0,
whisper,izon,2,0.2554945054945055,0.038461538461538464,0.8494623655913979,0,,0,0,,,0,1,1.0,0,0,1,1.0
whisper,jaba,2,0.6215277777777778,0.5659722222222222,0.08938547486033524,2,0.5,1,0,1.0,0.6666666666666666,0,0,,0,0,0,
whisper,jukun,2,0.1875,0.125,0.3333333333333333,0,,0,0,,,0,0,,0,0,0,
whisper,kalabari,2,0.08055555555555555,0.08055555555555555,0.0,2,1.0,1,0,1.0,1.0,0,0,,0,0,2,1.0
whisper,kanuri,2,0.16666666666666666,0.16666666666666666,0.0,2,1.0,2,0,1.0,1.0,0,2,1.0,0,0,0,
whisper,khana,2,0.6353383458646616,0.6353383458646616,0.0,1,0.0,0,0,,,0,1,1.0,0,0,0,
whisper,kikuyu,2,0.6578947368421053,0.6578947368421053,0.0,0,,0,0,,,0,0,,0,0,2,0.5
whisper,kinyarwanda,8,0.29034427615132075,0.1978462150989428,0.3185806253131372,3,0.3333333333333333,1,0,1.0,0.5,0,0,,0,0,5,1.0
whisper,kiswahili,6,0.5367521367521367,0.3833333333333333,0.285828025477707,1,1.0,1,0,1.0,1.0,0,1,0.0,0,0,1,0.0
whisper,kubi,2,0.1987281399046105,0.11287758346581876,0.432,2,1.0,2,0,1.0,1.0,0,0,,0,0,1,1.0
whisper,luganda,7,0.41695011337868476,0.2979024943310658,0.28552005438477207,0,,0,0,,,0,0,,0,0,4,0.75
whisper,luhya,7,0.7701894425002599,0.7086516694963214,0.0798995281007344,3,0.3333333333333333,1,0,1.0,0.5,0,1,1.0,0,0,4,0.25
whisper,luo,2,0.25,0.1375,0.44999999999999996,2,0.5,1,0,1.0,0.6666666666666666,0,0,,0,0,1,1.0
whisper,mada,2,0.5347593582887701,0.5347593582887701,0.0,3,0.0,0,0,,,0,2,1.0,0,0,0,
whisper,mwaghavul,2,0.34065934065934067,0.3214285714285714,0.05645161290322593,3,0.3333333333333333,0,0,,,0,2,1.0,0,0,0,
whisper,nembe,4,0.41309523809523807,0.41309523809523807,0.0,0,,0,0,,,0,0,,0,0,0,
whisper,ngas,2,0.30000000000000004,0.0,1.0,0,,0,0,,,0,0,,0,0,0,
whisper,nyandang,1,0.7333333333333333,0.7333333333333333,0.0,0,,0,0,,,0,1,0.0,0,0,0,
whisper,obolo,1,0.22727272727272727,0.22727272727272727,0.0,0,,0,0,,,0,0,,0,0,0,
whisper,ogbia,1,0.3,0.3,0.0,0,,0,0,,,0,0,,0,0,1,1.0
whisper,ogoni,1,0.23076923076923078,0.23076923076923078,0.0,1,0.0,0,0,,,0,0,,0,0,0,
whisper,oklo,1,0.06896551724137931,0.0,1.0,0,,0,0,,,0,1,1.0,0,0,0,
whisper,pidgin,7,0.16926806318764473,0.16926806318764473,0.0,1,0.0,0,0,,,0,1,1.0,0,0,3,1.0
whisper,sepedi,1,0.5882352941176471,0.5882352941176471,0.0,1,0.0,0,0,,,0,0,,0,0,0,
whisper,sesotho,1,0.2631578947368421,0.15789473684210525,0.4,1,0.0,0,0,,,0,0,,0,0,0,
whisper,setswana,7,0.3916221033868093,0.30580595874713523,0.21912998244359194,5,0.8,3,0,1.0,0.888888888888889,0,0,,0,0,2,1.0
whisper,sotho,1,0.0,0.0,,0,,0,0,,,0,0,,0,0,1,1.0
whisper,swahili,26,0.26008412342024384,0.17107594653581276,0.34222841330691955,13,0.6153846153846154,7,0,1.0,0.761904761904762,0,5,0.6,0,0,19,0.8947368421052632
whisper,tshivenda,1,0.0,0.0,,0,,0,0,,,0,0,,0,0,1,1.0
whisper,tswana,7,0.3181895485466914,0.19629715522572663,0.38308107188843815,0,,0,0,,,0,1,1.0,0,0,0,
whisper,twi,7,0.41842797725150666,0.24403094571161796,0.4167910393693942,2,1.0,2,0,1.0,1.0,0,0,,0,0,4,1.0
whisper,ukwuani,1,0.6,0.4666666666666667,0.22222222222222218,0,,0,0,,,0,1,1.0,0,0,0,
whisper,urhobo,7,0.1742965367965368,0.09464285714285715,0.45700093138776776,1,1.0,1,0,1.0,1.0,0,1,1.0,0,0,4,1.0
whisper,xhosa,7,0.3085650460650461,0.277991452991453,0.09908313810485234,2,0.5,1,0,1.0,0.6666666666666666,0,0,,0,0,3,1.0
whisper,yoruba,26,0.34665395816711614,0.2828928506417065,0.18393301453281394,9,0.7777777777777778,6,0,1.0,0.8750000000000001,0,12,0.8333333333333334,0,0,19,0.9473684210526315
whisper,zulu,7,0.32629343107200154,0.3003194050979756,0.07960327576528616,3,0.3333333333333333,1,0,1.0,0.5,0,1,1.0,0,0,3,1.0
